,MAPE (%),RMSE,Theil's U,MDA (%),Sharpe Ratio (Rf=0),Sharpe Ratio (Rf=6.5%),Cumulative Return (%),Sharpe Ratio
naive,0.33320581226973145,0.4038913158761511,1.0,0.0,0.0,0.0,0.0,0.0
es,0.33320581314466213,0.4038913166116553,1.0000000018210446,43.0,-0.9451119442210124,-2.9052751160100363,-11.546607439247225,-0.9451119442210124
arima,0.3282091022002792,0.4045572890930963,1.001648892141938,56.99999999999999,0.9451119442210124,-1.0150512275680117,12.568556108788886,0.9451119442210124
arimax,0.3338930963758502,0.40810888937246426,1.0104423475586843,56.49999999999999,0.7638157711427235,-1.1905981427782177,10.027007111944242,0.7638157711427235
lasso,0.3341030427687307,0.4012768888795105,0.9935269046551071,59.0,1.0344132743375105,-0.9290226912529591,13.833105229289133,1.0344132743375105
rf,0.38795333053063985,0.44624150336652046,1.104855404970766,53.0,-0.1305194674928058,-2.0743793284830345,-1.8758101849468356,-0.1305194674928058
gb,0.3599394575395644,0.4291278807015419,1.0624835539497692,55.00000000000001,0.4959753324988552,-1.452157841059651,6.342946094687085,0.4959753324988552
arima_lasso,0.3304999123902236,0.40105395183885056,0.9929749318052419,61.0,1.3748644818724602,-0.603686578232373,18.717191739334325,1.3748644818724602
arima_gb,0.3637642090916734,0.4308890583579463,1.0668440776529935,57.49999999999999,0.9031021906162889,-1.0556217718164538,11.976547237343116,0.9031021906162889
